[
  {
    "name": "Banjo-Kazooie (USA) (Rev 1).z64",
    "core": "n64",
    "url": "roms/Banjo-Kazooie (USA) (Rev 1).z64"
  },
  {
    "name": "Banjo-Tooie (USA).z64",
    "core": "n64",
    "url": "roms/Banjo-Tooie (USA).z64"
  },
  {
    "name": "Conker's Bad Fur Day (USA).z64",
    "core": "n64",
    "url": "roms/Conker's Bad Fur Day (USA).z64"
  },
  {
    "name": "Diddy Kong Racing (USA) (En,Fr) (Rev 1).z64",
    "core": "n64",
    "url": "roms/Diddy Kong Racing (USA) (En,Fr) (Rev 1).z64"
  },
  {
    "name": "Donkey Kong 64 (USA).z64",
    "core": "n64",
    "url": "roms/Donkey Kong 64 (USA).z64"
  },
  {
    "name": "Doom 64 (USA) (Rev 1).z64",
    "core": "n64",
    "url": "roms/Doom 64 (USA) (Rev 1).z64"
  },
  {
    "name": "GoldenEye 007 (USA).z64",
    "core": "n64",
    "url": "roms/GoldenEye 007 (USA).z64"
  },
  {
    "name": "Kirby & The Amazing Mirror (USA).gba",
    "core": "gba",
    "url": "roms/Kirby & The Amazing Mirror (USA).gba"
  },
  {
    "name": "Kirby - Squeak Squad (USA).nds",
    "core": "nds",
    "url": "roms/Kirby - Squeak Squad (USA).nds"
  },
  {
    "name": "Kirby Mass Attack (USA) (En,Fr,Es).nds",
    "core": "nds",
    "url": "roms/Kirby Mass Attack (USA) (En,Fr,Es).nds"
  },
  {
    "name": "Kirby Super Star Ultra (USA).nds",
    "core": "nds",
    "url": "roms/Kirby Super Star Ultra (USA).nds"
  },
  {
    "name": "Legend of Zelda, The - Majora's Mask (USA).z64",
    "core": "n64",
    "url": "roms/Legend of Zelda, The - Majora's Mask (USA).z64"
  },
  {
    "name": "Legend of Zelda, The - Ocarina of Time (USA) (Rev 2).z64",
    "core": "n64",
    "url": "roms/Legend of Zelda, The - Ocarina of Time (USA) (Rev 2).z64"
  },
  {
    "name": "Mario & Luigi - Superstar Saga (Europe) (En,Fr,De,Es,It).gba",
    "core": "gba",
    "url": "roms/Mario & Luigi - Superstar Saga (Europe) (En,Fr,De,Es,It).gba"
  },
  {
    "name": "Mario Golf - Advance Tour (USA).gba",
    "core": "gba",
    "url": "roms/Mario Golf - Advance Tour (USA).gba"
  },
  {
    "name": "Mario Kart - Super Circuit (USA).gba",
    "core": "gba",
    "url": "roms/Mario Kart - Super Circuit (USA).gba"
  },
  {
    "name": "Mario Party Advance (USA).gba",
    "core": "gba",
    "url": "roms/Mario Party Advance (USA).gba"
  },
  {
    "name": "Mario Party DS (USA) (Rev 2).nds",
    "core": "nds",
    "url": "roms/Mario Party DS (USA) (Rev 2).nds"
  },
  {
    "name": "Mario Pinball Land (USA, Australia).gba",
    "core": "gba",
    "url": "roms/Mario Pinball Land (USA, Australia).gba"
  },
  {
    "name": "Mario Tennis - Power Tour (USA, Australia) (En,Fr,De,Es,It).gba",
    "core": "gba",
    "url": "roms/Mario Tennis - Power Tour (USA, Australia) (En,Fr,De,Es,It).gba"
  },
  {
    "name": "Mario vs. Donkey Kong (USA, Australia).gba",
    "core": "gba",
    "url": "roms/Mario vs. Donkey Kong (USA, Australia).gba"
  },
  {
    "name": "Mike Tyson's Punch-Out!! (Japan, USA) (En) (Rev 1).nes",
    "core": "nes",
    "url": "roms/Mike Tyson's Punch-Out!! (Japan, USA) (En) (Rev 1).nes"
  },
  {
    "name": "MKDS.nds",
    "core": "nds",
    "url": "roms/MKDS.nds"
  },
  {
    "name": "Perfect Dark (USA) (Rev 1).z64",
    "core": "n64",
    "url": "roms/Perfect Dark (USA) (Rev 1).z64"
  },
  {
    "name": "Pokemon - Black Version (USA, Europe) (NDSi Enhanced) [b].nds",
    "core": "nds",
    "url": "roms/Pokemon - Black Version (USA, Europe) (NDSi Enhanced) [b].nds"
  },
  {
    "name": "Pokemon - Black Version 2 (USA, Europe) (NDSi Enhanced) [b].nds",
    "core": "nds",
    "url": "roms/Pokemon - Black Version 2 (USA, Europe) (NDSi Enhanced) [b].nds"
  },
  {
    "name": "Pokemon - Blue Version (USA, Europe) (SGB Enhanced).gb",
    "core": "gb",
    "url": "roms/Pokemon - Blue Version (USA, Europe) (SGB Enhanced).gb"
  },
  {
    "name": "Pokemon - Crystal Version (USA, Europe) (Rev A).gbc",
    "core": "gb",
    "url": "roms/Pokemon - Crystal Version (USA, Europe) (Rev A).gbc"
  },
  {
    "name": "Pokemon - Diamond Version (USA) (Rev 5).nds",
    "core": "nds",
    "url": "roms/Pokemon - Diamond Version (USA) (Rev 5).nds"
  },
  {
    "name": "Pokemon - FireRed Version (USA).gba",
    "core": "gba",
    "url": "roms/Pokemon - FireRed Version (USA).gba"
  },
  {
    "name": "Pokemon - Gold Version (USA, Europe).gbc",
    "core": "gb",
    "url": "roms/Pokemon - Gold Version (USA, Europe).gbc"
  },
  {
    "name": "Pokemon - LeafGreen Version (USA).gba",
    "core": "gba",
    "url": "roms/Pokemon - LeafGreen Version (USA).gba"
  },
  {
    "name": "Pokemon - Pearl Version (USA) (Rev 5).nds",
    "core": "nds",
    "url": "roms/Pokemon - Pearl Version (USA) (Rev 5).nds"
  },
  {
    "name": "Pokemon - Red Version (USA, Europe).gb",
    "core": "gb",
    "url": "roms/Pokemon - Red Version (USA, Europe).gb"
  },
  {
    "name": "Pokemon - Ruby Version (USA, Europe) (Rev 2).gba",
    "core": "gba",
    "url": "roms/Pokemon - Ruby Version (USA, Europe) (Rev 2).gba"
  },
  {
    "name": "Pokemon - Sapphire (E)(Independent).gba",
    "core": "gba",
    "url": "roms/Pokemon - Sapphire (E)(Independent).gba"
  },
  {
    "name": "Pokemon - Silver Version (USA, Europe).gbc",
    "core": "gb",
    "url": "roms/Pokemon - Silver Version (USA, Europe).gbc"
  },
  {
    "name": "Pokemon - SoulSilver Version (Europe) (Rev 10).nds",
    "core": "nds",
    "url": "roms/Pokemon - SoulSilver Version (Europe) (Rev 10).nds"
  },
  {
    "name": "Pokemon - White Version (DSi Enhanced)(USA) (E)(SweeTnDs).nds",
    "core": "nds",
    "url": "roms/Pokemon - White Version (DSi Enhanced)(USA) (E)(SweeTnDs).nds"
  },
  {
    "name": "Pokemon - Yellow Version - Special Pikachu Edition (USA, Europe) (GBC,SGB Enhanced).gb",
    "core": "gb",
    "url": "roms/Pokemon - Yellow Version - Special Pikachu Edition (USA, Europe) (GBC,SGB Enhanced).gb"
  },
  {
    "name": "Pokemon Emerald Rogue.gba",
    "core": "gba",
    "url": "roms/Pokemon Emerald Rogue.gba"
  },
  {
    "name": "Pokemon Platinum Version (US)(XenoPhobia).nds",
    "core": "nds",
    "url": "roms/Pokemon Platinum Version (US)(XenoPhobia).nds"
  },
  {
    "name": "Pokemon Unbound (Full Game).gba",
    "core": "gba",
    "url": "roms/Pokemon Unbound (Full Game).gba"
  },
  {
    "name": "Pokemon Unbound Battle Frontier.gba",
    "core": "gba",
    "url": "roms/Pokemon Unbound Battle Frontier.gba"
  },
  {
    "name": "pokemonemerald.gba",
    "core": "gba",
    "url": "roms/pokemonemerald.gba"
  },
  {
    "name": "psp\\FIFA 14 (Europe).iso",
    "core": "psp",
    "url": "roms/psp/FIFA 14 (Europe).iso"
  },
  {
    "name": "psp\\FIFA Street 2 (USA).iso",
    "core": "psp",
    "url": "roms/psp/FIFA Street 2 (USA).iso"
  },
  {
    "name": "psp\\Gran Turismo PSP (USA) (En,Fr,Es) (v2.00).iso",
    "core": "psp",
    "url": "roms/psp/Gran Turismo PSP (USA) (En,Fr,Es) (v2.00).iso"
  },
  {
    "name": "psp\\Initial D - Street Stage (Japan).iso",
    "core": "psp",
    "url": "roms/psp/Initial D - Street Stage (Japan).iso"
  },
  {
    "name": "psp\\Monster Hunter Freedom Unite (USA) (En,Fr,De,Es,It).iso",
    "core": "psp",
    "url": "roms/psp/Monster Hunter Freedom Unite (USA) (En,Fr,De,Es,It).iso"
  },
  {
    "name": "psp\\Monster Hunter Portable 3rd (Japan, Asia) English Translated.iso",
    "core": "psp",
    "url": "roms/psp/Monster Hunter Portable 3rd (Japan, Asia) English Translated.iso"
  },
  {
    "name": "psp\\NBA 2K13 (USA).iso",
    "core": "psp",
    "url": "roms/psp/NBA 2K13 (USA).iso"
  },
  {
    "name": "psp\\Ridge Racers (US) (2004) (Racing) (ISO) (Playstation Portable).iso",
    "core": "psp",
    "url": "roms/psp/Ridge Racers (US) (2004) (Racing) (ISO) (Playstation Portable).iso"
  },
  {
    "name": "psp\\SSX on Tour (USA).iso",
    "core": "psp",
    "url": "roms/psp/SSX on Tour (USA).iso"
  },
  {
    "name": "psp\\Tekken 6 (USA) (En,Ja,Fr,De,Es,It,Ko,Ru).iso",
    "core": "psp",
    "url": "roms/psp/Tekken 6 (USA) (En,Ja,Fr,De,Es,It,Ko,Ru).iso"
  },
  {
    "name": "Sonic The Hedgehog (USA, Europe).md",
    "core": "megadrive",
    "url": "roms/Sonic The Hedgehog (USA, Europe).md"
  },
  {
    "name": "Sonic The Hedgehog 2 (World) (Rev B) (Sonic Compilation ~ Sonic Classics).md",
    "core": "megadrive",
    "url": "roms/Sonic The Hedgehog 2 (World) (Rev B) (Sonic Compilation ~ Sonic Classics).md"
  },
  {
    "name": "Sonic The Hedgehog 3 (USA).md",
    "core": "megadrive",
    "url": "roms/Sonic The Hedgehog 3 (USA).md"
  },
  {
    "name": "Star Fox 64 (USA) (Rev 1).z64",
    "core": "n64",
    "url": "roms/Star Fox 64 (USA) (Rev 1).z64"
  },
  {
    "name": "Super Mario 64 (USA).z64",
    "core": "n64",
    "url": "roms/Super Mario 64 (USA).z64"
  },
  {
    "name": "Super Mario Advance (USA, Europe).gba",
    "core": "gba",
    "url": "roms/Super Mario Advance (USA, Europe).gba"
  },
  {
    "name": "Super Mario Advance 2 - Super Mario World (USA, Australia).gba",
    "core": "gba",
    "url": "roms/Super Mario Advance 2 - Super Mario World (USA, Australia).gba"
  },
  {
    "name": "Super Mario Advance 3 - Yoshi's Island (USA).gba",
    "core": "gba",
    "url": "roms/Super Mario Advance 3 - Yoshi's Island (USA).gba"
  },
  {
    "name": "Super Mario Advance 4 - Super Mario Bros. 3 (USA, Australia) (Rev 1).gba",
    "core": "gba",
    "url": "roms/Super Mario Advance 4 - Super Mario Bros. 3 (USA, Australia) (Rev 1).gba"
  },
  {
    "name": "Super Mario Bros. (Europe) (Rev A).nes",
    "core": "nes",
    "url": "roms/Super Mario Bros. (Europe) (Rev A).nes"
  },
  {
    "name": "Super Mario Bros. + Duck Hunt + World Class Track Meet (USA) (Rev A).nes",
    "core": "nes",
    "url": "roms/Super Mario Bros. + Duck Hunt + World Class Track Meet (USA) (Rev A).nes"
  },
  {
    "name": "Super Mario Bros. 2 (Europe).nes",
    "core": "nes",
    "url": "roms/Super Mario Bros. 2 (Europe).nes"
  },
  {
    "name": "Super Mario Bros. 3 (Europe) (Wii Virtual Console).nes",
    "core": "nes",
    "url": "roms/Super Mario Bros. 3 (Europe) (Wii Virtual Console).nes"
  },
  {
    "name": "Super Punch-Out!! (USA).sfc",
    "core": "snes",
    "url": "roms/Super Punch-Out!! (USA).sfc"
  },
  {
    "name": "Super Smash Bros. (USA).z64",
    "core": "n64",
    "url": "roms/Super Smash Bros. (USA).z64"
  }
]