[
  {
    "name": "Game 1",
    "core": "gba",
    "url": "https://example.com/game1.rom"
  },
  {
    "name": "Game 2",
    "core": "nds",
    "url": "https://example.com/game2.rom"
  },
  {
    "name": "Game 3",
    "core": "psx",
    "url": "https://example.com/game3.rom"
  },
  {
    "name": "Game 4",
    "core": "gba",
    "url": "https://example.com/game4.rom"
  },
  {
    "name": "Game 5",
    "core": "nds",
    "url": "https://example.com/game5.rom"
  },
  {
    "name": "Game 6",
    "core": "psx",
    "url": "https://example.com/game6.rom"
  },
  {
    "name": "Game 7",
    "core": "gba",
    "url": "https://example.com/game7.rom"
  },
  {
    "name": "Game 8",
    "core": "nds",
    "url": "https://example.com/game8.rom"
  },
  {
    "name": "Game 9",
    "core": "psx",
    "url": "https://example.com/game9.rom"
  },
  {
    "name": "Game 10",
    "core": "gba",
    "url": "https://example.com/game10.rom"
  },
  {
    "name": "Game 11",
    "core": "nds",
    "url": "https://example.com/game11.rom"
  },
  {
    "name": "Game 12",
    "core": "psx",
    "url": "https://example.com/game12.rom"
  },
  {
    "name": "Game 13",
    "core": "gba",
    "url": "https://example.com/game13.rom"
  },
  {
    "name": "Game 14",
    "core": "nds",
    "url": "https://example.com/game14.rom"
  },
  {
    "name": "Game 15",
    "core": "psx",
    "url": "https://example.com/game15.rom"
  },
  {
    "name": "Game 16",
    "core": "gba",
    "url": "https://example.com/game16.rom"
  },
  {
    "name": "Game 17",
    "core": "nds",
    "url": "https://example.com/game17.rom"
  },
  {
    "name": "Game 18",
    "core": "psx",
    "url": "https://example.com/game18.rom"
  },
  {
    "name": "Game 19",
    "core": "gba",
    "url": "https://example.com/game19.rom"
  },
  {
    "name": "Game 20",
    "core": "nds",
    "url": "https://example.com/game20.rom"
  },
  {
    "name": "Game 21",
    "core": "psx",
    "url": "https://example.com/game21.rom"
  },
  {
    "name": "Game 22",
    "core": "gba",
    "url": "https://example.com/game22.rom"
  },
  {
    "name": "Game 23",
    "core": "nds",
    "url": "https://example.com/game23.rom"
  },
  {
    "name": "Game 24",
    "core": "psx",
    "url": "https://example.com/game24.rom"
  },
  {
    "name": "Game 25",
    "core": "gba",
    "url": "https://example.com/game25.rom"
  },
  {
    "name": "Game 26",
    "core": "nds",
    "url": "https://example.com/game26.rom"
  },
  {
    "name": "Game 27",
    "core": "psx",
    "url": "https://example.com/game27.rom"
  },
  {
    "name": "Game 28",
    "core": "gba",
    "url": "https://example.com/game28.rom"
  },
  {
    "name": "Game 29",
    "core": "nds",
    "url": "https://example.com/game29.rom"
  },
  {
    "name": "Game 30",
    "core": "psx",
    "url": "https://example.com/game30.rom"
  },
  {
    "name": "Game 31",
    "core": "gba",
    "url": "https://example.com/game31.rom"
  },
  {
    "name": "Game 32",
    "core": "nds",
    "url": "https://example.com/game32.rom"
  },
  {
    "name": "Game 33",
    "core": "psx",
    "url": "https://example.com/game33.rom"
  },
  {
    "name": "Game 34",
    "core": "gba",
    "url": "https://example.com/game34.rom"
  },
  {
    "name": "Game 35",
    "core": "nds",
    "url": "https://example.com/game35.rom"
  },
  {
    "name": "Game 36",
    "core": "psx",
    "url": "https://example.com/game36.rom"
  },
  {
    "name": "Game 37",
    "core": "gba",
    "url": "https://example.com/game37.rom"
  },
  {
    "name": "Game 38",
    "core": "nds",
    "url": "https://example.com/game38.rom"
  },
  {
    "name": "Game 39",
    "core": "psx",
    "url": "https://example.com/game39.rom"
  }
]